{
  "pages": [
    {
      "page_idx": 0,
      "dimensions": [
        9922,
        7016
      ],
      "orientation": {
        "value": -90,
        "confidence": null
      },
      "language": {
        "value": null,
        "confidence": null
      },
      "blocks": [
        {
          "geometry": [
            [
              0.3591328080458951,
              0.123046875
            ],
            [
              0.714062889734179,
              0.814453125
            ]
          ],
          "objectness_score": 0.2062885946631982,
          "lines": [
            {
              "geometry": [
                [
                  0.6519155991661916,
                  0.123046875
                ],
                [
                  0.6850608208024516,
                  0.150390625
                ]
              ],
              "objectness_score": 0.22111799629343734,
              "words": [
                {
                  "value": "10",
                  "confidence": 0.9999405145645142,
                  "geometry": [
                    [
                      0.6519155991661916,
                      0.123046875
                    ],
                    [
                      0.6850608208024516,
                      0.150390625
                    ]
                  ],
                  "objectness_score": 0.22111799629343734,
                  "crop_orientation": {
                    "value": 180,
                    "confidence": 0.85
                  }
                }
              ]
            },
            {
              "geometry": [
                [
                  0.4005643350912201,
                  0.16015625
                ],
                [
                  0.4102316914017959,
                  0.1669921875
                ]
              ],
              "objectness_score": 0.1351038869470358,
              "words": [
                {
                  "value": "-",
                  "confidence": 0.8187733292579651,
                  "geometry": [
                    [
                      0.4005643350912201,
                      0.16015625
                    ],
                    [
                      0.4102316914017959,
                      0.1669921875
                    ]
                  ],
                  "objectness_score": 0.1351038869470358,
                  "crop_orientation": {
                    "value": 180,
                    "confidence": 0.58
                  }
                }
              ]
            },
            {
              "geometry": [
                [
                  0.6505345482646807,
                  0.166015625
                ],
                [
                  0.6602019045752565,
                  0.173828125
                ]
              ],
              "objectness_score": 0.1250958674483829,
              "words": [
                {
                  "value": "A",
                  "confidence": 0.6176722645759583,
                  "geometry": [
                    [
                      0.6505345482646807,
                      0.166015625
                    ],
                    [
                      0.6602019045752565,
                      0.173828125
                    ]
                  ],
                  "objectness_score": 0.1250958674483829,
                  "crop_orientation": {
                    "value": 90,
                    "confidence": 0.39
                  }
                }
              ]
            },
            {
              "geometry": [
                [
                  0.6491534973631699,
                  0.1728515625
                ],
                [
                  0.6602019045752565,
                  0.1806640625
                ]
              ],
              "objectness_score": 0.16719607534733685,
              "words": [
                {
                  "value": "-",
                  "confidence": 0.9582056999206543,
                  "geometry": [
                    [
                      0.6491534973631699,
                      0.1728515625
                    ],
                    [
                      0.6602019045752565,
                      0.1806640625
                    ]
                  ],
                  "objectness_score": 0.16719607534733685,
                  "crop_orientation": {
                    "value": 0,
                    "confidence": 0.55
                  }
                }
              ]
            },
            {
              "geometry": [
                [
                  0.6822987189994298,
                  0.3046875
                ],
                [
                  0.714062889734179,
                  0.3388671875
                ]
              ],
              "objectness_score": 0.17996449614292942,
              "words": [
                {
                  "value": "410",
                  "confidence": 0.9999961853027344,
                  "geometry": [
                    [
                      0.6822987189994298,
                      0.3046875
                    ],
                    [
                      0.714062889734179,
                      0.3388671875
                    ]
                  ],
                  "objectness_score": 0.17996449614292942,
                  "crop_orientation": {
                    "value": 180,
                    "confidence": 0.97
                  }
                }
              ]
            },
            {
              "geometry": [
                [
                  0.6767745153933865,
                  0.4755859375
                ],
                [
                  0.6947281771130274,
                  0.4873046875
                ]
              ],
              "objectness_score": 0.19777661847307326,
              "words": [
                {
                  "value": "+",
                  "confidence": 0.7171690464019775,
                  "geometry": [
                    [
                      0.6767745153933865,
                      0.4755859375
                    ],
                    [
                      0.6947281771130274,
                      0.4873046875
                    ]
                  ],
                  "objectness_score": 0.19777661847307326,
                  "crop_orientation": {
                    "value": -90,
                    "confidence": 0.54
                  }
                }
              ]
            },
            {
              "geometry": [
                [
                  0.46823582926525087,
                  0.5
                ],
                [
                  0.5234778653256842,
                  0.513671875
                ]
              ],
              "objectness_score": 0.457138756659325,
              "words": [
                {
                  "value": "0133",
                  "confidence": 0.9980571866035461,
                  "geometry": [
                    [
                      0.46823582926525087,
                      0.5
                    ],
                    [
                      0.5234778653256842,
                      0.513671875
                    ]
                  ],
                  "objectness_score": 0.457138756659325,
                  "crop_orientation": {
                    "value": 90,
                    "confidence": 1.0
                  }
                }
              ]
            },
            {
              "geometry": [
                [
                  0.4185179968108609,
                  0.51171875
                ],
                [
                  0.4323285058259692,
                  0.51953125
                ]
              ],
              "objectness_score": 0.17674430819420978,
              "words": [
                {
                  "value": "T",
                  "confidence": 0.8282519578933716,