{
  "pages": [
    {
      "page_idx": 0,
      "dimensions": [
        2381,
        1684
      ],
      "orientation": {
        "value": null,
        "confidence": null
      },
      "language": {
        "value": null,
        "confidence": null
      },
      "blocks": [
        {
          "geometry": [
            [
              0.2942671605923397,
              0.4853515625
            ],
            [
              0.5262343889177553,
              0.869140625
            ]
          ],
          "objectness_score": 0.4066245806792741,
          "lines": [
            {
              "geometry": [
                [
                  0.47652712570516625,
                  0.4853515625
                ],
                [
                  0.5262343889177553,
                  0.498046875
                ]
              ],
              "objectness_score": 0.5502885784066859,
              "words": [
                {
                  "value": "0133",
                  "confidence": 0.9996849894523621,
                  "geometry": [
                    [
                      0.47652712570516625,
                      0.4853515625
                    ],
                    [
                      0.5262343889177553,
                      0.498046875
                    ]
                  ],
                  "objectness_score": 0.5502885784066859,
                  "crop_orientation": {
                    "value": -90,
                    "confidence": 1.0
                  }
                }
              ]
            },
            {
              "geometry": [
                [
                  0.2942671605923397,
                  0.6650390625
                ],
                [
                  0.30393246177256533,
                  0.6728515625
                ]
              ],
              "objectness_score": 0.33032113975948757,
              "words": [
                {
                  "value": "0",
                  "confidence": 0.9881816506385803,
                  "geometry": [
                    [
                      0.2942671605923397,
                      0.6650390625
                    ],
                    [
                      0.30393246177256533,
                      0.6728515625
                    ]
                  ],
                  "objectness_score": 0.33032113975948757,
                  "crop_orientation": {
                    "value": 0,
                    "confidence": 0.91
                  }
                }
              ]
            },
            {
              "geometry": [
                [
                  0.32188230682155583,
                  0.853515625
                ],
                [
                  0.3370706372476247,
                  0.869140625
                ]
              ],
              "objectness_score": 0.3392640238716489,
              "words": [
                {
                  "value": "10",
                  "confidence": 0.9999993443489075,
                  "geometry": [
                    [
                      0.32188230682155583,
                      0.853515625
                    ],
                    [
                      0.3370706372476247,
                      0.869140625
                    ]
                  ],
                  "objectness_score": 0.3392640238716489,
                  "crop_orientation": {
                    "value": 0,
                    "confidence": 1.0
                  }
                }
              ]
            }
          ],
          "artefacts": []
        }
      ]
    }
  ]
}